<?xml version="1.0"?>
<Runs Version="1" Minor="0">
	<Run Id="lab3_bd_AUP_advanced_SoC_0_0_synth_1" LaunchDir="Z:/EE_277/lab3/lab3_viv/lab3_viv.runs/lab3_bd_AUP_advanced_SoC_0_0_synth_1" FlowId="Vivado_Synthesis" FromStepId="vivado" ToStepId="vivado"/>
	<Run Id="lab3_bd_rst_ps7_0_50M_0_synth_1" LaunchDir="Z:/EE_277/lab3/lab3_viv/lab3_viv.runs/lab3_bd_rst_ps7_0_50M_0_synth_1" FlowId="Vivado_Synthesis" FromStepId="vivado" ToStepId="vivado"/>
	<Run Id="lab3_bd_auto_pc_0_synth_1" LaunchDir="Z:/EE_277/lab3/lab3_viv/lab3_viv.runs/lab3_bd_auto_pc_0_synth_1" FlowId="Vivado_Synthesis" FromStepId="vivado" ToStepId="vivado"/>
	<Run Id="lab3_bd_processing_system7_0_0_synth_1" LaunchDir="Z:/EE_277/lab3/lab3_viv/lab3_viv.runs/lab3_bd_processing_system7_0_0_synth_1" FlowId="Vivado_Synthesis" FromStepId="vivado" ToStepId="vivado"/>
	<Run Id="synth_1" LaunchDir="Z:/EE_277/lab3/lab3_viv/lab3_viv.runs/synth_1" FlowId="Vivado_Synthesis" FromStepId="vivado" ToStepId="vivado">
		<Parent Id="lab3_bd_AUP_advanced_SoC_0_0_synth_1"/>
		<Parent Id="lab3_bd_rst_ps7_0_50M_0_synth_1"/>
		<Parent Id="lab3_bd_auto_pc_0_synth_1"/>
		<Parent Id="lab3_bd_processing_system7_0_0_synth_1"/>
	</Run>
	<Run Id="impl_1" LaunchDir="Z:/EE_277/lab3/lab3_viv/lab3_viv.runs/impl_1" FlowId="Vivado_Implementation" FromStepId="init_design" ToStepId="write_bitstream">
		<Parent Id="synth_1"/>
		<Parent Id="lab3_bd_AUP_advanced_SoC_0_0_synth_1"/>
		<Parent Id="lab3_bd_rst_ps7_0_50M_0_synth_1"/>
		<Parent Id="lab3_bd_auto_pc_0_synth_1"/>
		<Parent Id="lab3_bd_processing_system7_0_0_synth_1"/>
	</Run>
	<Parameters>
		<Parameter Name="runs.monitorLSFJobs" Val="true" Type="bool"/>
		<Parameter Name="runs.enableClusterConf" Val="true" Type="bool"/>
	</Parameters>
</Runs>

