<?xml version="1.0" encoding="UTF-8" standalone="no"?>
<project>
    	
    <configuration id="com.arm.toolchain.baremetal.2136074464" name="Default">
        		
        <extension point="org.eclipse.cdt.core.LanguageSettingsProvider">
            			
            <provider copy-of="extension" id="org.eclipse.cdt.ui.UserLanguageSettingsProvider"/>
            			
            <provider-reference id="org.eclipse.cdt.core.ReferencedProjectsLanguageSettingsProvider" ref="shared-provider"/>
            			
            <provider class="com.arm.eclipse.builder.armcc.discovery.ArmCompiler5LanguageSettingsProvider" console="false" env-hash="-409642250048" id="com.arm.eclipse.builder.armcc.v5.langprovider" keep-relative-paths="false" name="Arm Compiler 5 Built-in Compiler Settings" parameter="${COMMAND} ${FLAGS} --list-macros &quot;${INPUTS}&quot;" prefer-non-shared="true" store-entries-with-project="true">
                				
                <language-scope id="com.arm.eclipse.builder.armcc.lang.c"/>
                				
                <language-scope id="com.arm.eclipse.builder.armcc.lang.cpp"/>
                				
                <language id="com.arm.eclipse.builder.armcc.lang.cpp">
                    					
                    <entry kind="includePath" name="/${ProjName}/null">
                        						
                        <flag value="BUILTIN|READONLY|VALUE_WORKSPACE_PATH"/>
                        					
                    </entry>
                    				
                </language>
                				
                <language id="com.arm.eclipse.builder.armcc.lang.c">
                    					
                    <entry kind="includePath" name="/${ProjName}/null">
                        						
                        <flag value="BUILTIN|READONLY|VALUE_WORKSPACE_PATH"/>
                        					
                    </entry>
                    				
                </language>
                			
            </provider>
            			
            <provider-reference id="org.eclipse.cdt.managedbuilder.core.MBSLanguageSettingsProvider" ref="shared-provider"/>
            		
        </extension>
        	
    </configuration>
    
</project>
