<?xml version="1.0" encoding="UTF-8"?>
<GenRun Id="lab3_bd_AUP_advanced_SoC_0_5_synth_1" LaunchPart="xc7z010clg400-1" LaunchTime="1759039924">
  <File Type="PA-TCL" Name="lab3_bd_AUP_advanced_SoC_0_5.tcl"/>
  <File Type="RDS-PROPCONSTRS" Name="lab3_bd_AUP_advanced_SoC_0_5_drc_synth.rpt"/>
  <File Type="REPORTS-TCL" Name="lab3_bd_AUP_advanced_SoC_0_5_reports.tcl"/>
  <File Type="RDS-RDS" Name="lab3_bd_AUP_advanced_SoC_0_5.vds"/>
  <File Type="RDS-UTIL" Name="lab3_bd_AUP_advanced_SoC_0_5_utilization_synth.rpt"/>
  <File Type="RDS-UTIL-PB" Name="lab3_bd_AUP_advanced_SoC_0_5_utilization_synth.pb"/>
  <File Type="RDS-DCP" Name="lab3_bd_AUP_advanced_SoC_0_5.dcp"/>
  <File Type="VDS-TIMINGSUMMARY" Name="lab3_bd_AUP_advanced_SoC_0_5_timing_summary_synth.rpt"/>
  <File Type="VDS-TIMING-PB" Name="lab3_bd_AUP_advanced_SoC_0_5_timing_summary_synth.pb"/>
  <FileSet Name="sources" Type="BlockSrcs" RelSrcDir="$PSRCDIR/lab3_bd_AUP_advanced_SoC_0_5" RelGenDir="$PGENDIR/lab3_bd_AUP_advanced_SoC_0_5">
    <File Path="$PSRCDIR/sources_1/bd/lab3_bd/ip/lab3_bd_AUP_advanced_SoC_0_5/lab3_bd_AUP_advanced_SoC_0_5.xci">
      <FileInfo>
        <Attr Name="UsedIn" Val="synthesis"/>
        <Attr Name="UsedIn" Val="implementation"/>
        <Attr Name="UsedIn" Val="simulation"/>
      </FileInfo>
    </File>
    <Config>
      <Option Name="TopModule" Val="lab3_bd_AUP_advanced_SoC_0_5"/>
      <Option Name="UseBlackboxStub" Val="1"/>
    </Config>
  </FileSet>
  <FileSet Name="constrs_in" Type="BlockSrcs" RelSrcDir="$PSRCDIR/lab3_bd_AUP_advanced_SoC_0_5" RelGenDir="$PGENDIR/lab3_bd_AUP_advanced_SoC_0_5">
    <File Path="$PSRCDIR/sources_1/bd/lab3_bd/ip/lab3_bd_AUP_advanced_SoC_0_5/lab3_bd_AUP_advanced_SoC_0_5.xci">
      <FileInfo>
        <Attr Name="UsedIn" Val="synthesis"/>
        <Attr Name="UsedIn" Val="implementation"/>
        <Attr Name="UsedIn" Val="simulation"/>
      </FileInfo>
    </File>
    <Config>
      <Option Name="TopModule" Val="lab3_bd_AUP_advanced_SoC_0_5"/>
      <Option Name="UseBlackboxStub" Val="1"/>
    </Config>
  </FileSet>
  <FileSet Name="utils" Type="Utils" RelSrcDir="$PSRCDIR/utils_1" RelGenDir="$PGENDIR/utils_1">
    <Filter Type="Utils"/>
    <File Path="$PPRDIR/../pins.tcl">
      <FileInfo>
        <Attr Name="UsedIn" Val="synthesis"/>
        <Attr Name="UsedIn" Val="implementation"/>
        <Attr Name="UsedIn" Val="simulation"/>
        <Attr Name="UsedInSteps" Val="impl_1;WRITE_BITSTREAM;TCL.PRE"/>
      </FileInfo>
    </File>
    <File Path="$PSRCDIR/utils_1/imports/synth_1/lab3_bd_wrapper.dcp">
      <FileInfo>
        <Attr Name="UsedIn" Val="synthesis"/>
        <Attr Name="UsedIn" Val="implementation"/>
        <Attr Name="UsedInSteps" Val="synth_1"/>
        <Attr Name="AutoDcp" Val="1"/>
      </FileInfo>
    </File>
    <Config>
      <Option Name="TopAutoSet" Val="TRUE"/>
    </Config>
  </FileSet>
  <Strategy Version="1" Minor="2">
    <StratHandle Name="Vivado Synthesis Defaults" Flow="Vivado Synthesis 2023">
      <Desc>Vivado Synthesis Defaults</Desc>
    </StratHandle>
    <Step Id="synth_design"/>
  </Strategy>
</GenRun>
